ska,https://open.spotify.com/playlist/5VvluKgEi90hMdIVy5B51y?si=85432659abdd4aca
dub,https://open.spotify.com/playlist/49sqxKjUzwnd6l3TNOHlTh?si=b786437c43634a7b
dancehall,https://open.spotify.com/playlist/3e3Lmwitw9ubLNPvW3ChYc?si=ee9c78d3217f4136
rocksteady,https://open.spotify.com/playlist/4tswV0ZItBRxQJd0Tu0C8z?si=8844baf7405f40d0
reggaeton,https://open.spotify.com/playlist/5myFrJ63LiHGb99iy4Hsen?si=e02e227c6b614622
calypso,https://open.spotify.com/playlist/6Uz5RBtEOS5MFzYLP39Zql?si=886a43d8a17c44be
roots-reggae,https://open.spotify.com/playlist/7ANtOMfAwfTRymWxFpzJMF?si=92104f7117a7447a
reggae-fusion,https://open.spotify.com/playlist/1br52u0iYRWD1HZMstzaIO?si=4464e1eb8b764136
ragga,https://open.spotify.com/playlist/1qHuEPbO1yZz7A8wvAXBue?si=2e600df766cb4661
zouk,https://open.spotify.com/playlist/0fhDJaiIOUGsi7MG5oT0u9?si=3125065239f04449
music-of-jamaica,https://open.spotify.com/playlist/0TzRiHSGFXhBlh0dfPJgDD?si=28d4e271ab2a4fc7
reggae-en-espanol,https://open.spotify.com/playlist/2QUIBXYfIHmOmBTOiOuoPP?si=2a56cb16456347f1
dembow,https://open.spotify.com/playlist/3VUGwOZGa8O9S0jJkuDAl3?si=2a62873c9008453b
reggae-rock,https://open.spotify.com/playlist/79UXcQ7vGhSrhh2oPA4p5W?si=532ba2e082cd4a56
early-reggae,https://open.spotify.com/playlist/4RqqLs3EoNOQYA1zC5Qyha?si=2c7ca06f56b54f2f
dub-poetry,https://open.spotify.com/playlist/04SIOZfHi0NeM7Fm3EPvYU?si=f3299d09683c4718
jungle,https://open.spotify.com/playlist/1EYSsgrEPXvTN6pZxiSM5W?si=3b92ee80576442b1
reggaestep,https://open.spotify.com/playlist/6wTLzcpmbhucORBnSZ4tt8?si=ca3b61df2b5d44ee
moombahton,https://open.spotify.com/playlist/3Dk2TlzsjKvZ0bKFpU3AOY?si=105a90aee42b4edc
toasting,https://open.spotify.com/playlist/6op3N4O08RYqIdHTL3pRZd?si=d0e3a097c2884b06
jamaica-ska,https://open.spotify.com/playlist/6iydhmIMIpHDqzRw0A5DWX?si=c92bb75bbdf441fa
